{"resolveConflictMode":true,"depName2RootPath":{"login":"D:\\devecostudio-windows-5.0.3.404\\Drone_StoreV4\\login","business":"D:\\devecostudio-windows-5.0.3.404\\Drone_StoreV4\\business","@ohos/hypium":"D:\\devecostudio-windows-5.0.3.404\\Drone_StoreV4\\oh_modules\\.ohpm\\@ohos+hypium@1.0.21\\oh_modules\\@ohos\\hypium","@ohos/hamock":"D:\\devecostudio-windows-5.0.3.404\\Drone_StoreV4\\oh_modules\\.ohpm\\@ohos+hamock@1.0.0\\oh_modules\\@ohos\\hamock"},"depName2DepInfo":{"login":{"pkgRootPath":"D:\\devecostudio-windows-5.0.3.404\\Drone_StoreV4\\login","pkgName":"login","pkgVersion":"1.0.0"},"business":{"pkgRootPath":"D:\\devecostudio-windows-5.0.3.404\\Drone_StoreV4\\business","pkgName":"business","pkgVersion":"1.0.0"},"@ohos/hypium":{"pkgRootPath":"D:\\devecostudio-windows-5.0.3.404\\Drone_StoreV4\\oh_modules\\.ohpm\\@ohos+hypium@1.0.21\\oh_modules\\@ohos\\hypium","pkgName":"@ohos/hypium","pkgVersion":"1.0.21"},"@ohos/hamock":{"pkgRootPath":"D:\\devecostudio-windows-5.0.3.404\\Drone_StoreV4\\oh_modules\\.ohpm\\@ohos+hamock@1.0.0\\oh_modules\\@ohos\\hamock","pkgName":"@ohos/hamock","pkgVersion":"1.0.0"}}}
