{
  "entry|entry|1.0.0|src/main/ets/entryability/EntryAbility.ts": {
    "version": 3,
    "file": "EntryAbility.ets",
    "sourceRoot": "",
    "sources": [
      "entry/src/main/ets/entryability/EntryAbility.ets"
    ],
    "names": [],
    "mappings": "YACO,eAAe;OACf,SAAS;YACT,IAAI;YACJ,MAAM;OACN,KAAK;AAEZ,MAAM,CAAC,OAAO,OAAO,YAAa,SAAQ,SAAS;IACjD,QAAQ,CAAC,IAAI,EAAE,IAAI,EAAE,WAAW,EAAE,eAAe,CAAC,WAAW;QAC3D,KAAK,CAAC,IAAI,CAAC,MAAM,EAAE,SAAS,EAAE,YAAY,EAAE,kBAAkB,CAAC,CAAC;IAClE,CAAC;IAED,SAAS;QACP,KAAK,CAAC,IAAI,CAAC,MAAM,EAAE,SAAS,EAAE,YAAY,EAAE,mBAAmB,CAAC,CAAC;IACnE,CAAC;IAED,mBAAmB,CAAC,WAAW,EAAE,MAAM,CAAC,WAAW;QACjD,aAAa;QACb,WAAW,CAAC,WAAW,CAAC,aAAa,EAAE,CAAC,GAAG,EAAE,IAAI,EAAE,EAAE;YACnD,IAAI,GAAG,CAAC,IAAI,EAAE;gBACZ,KAAK,CAAC,KAAK,CAAC,MAAM,EAAE,SAAS,EAAE,+CAA+C,EAAE,IAAI,CAAC,SAAS,CAAC,GAAG,CAAC,IAAI,EAAE,CAAC,CAAC;gBAC3G,OAAO;aACR;YACD,KAAK,CAAC,IAAI,CAAC,MAAM,EAAE,SAAS,EAAE,oDAAoD,EAAE,IAAI,CAAC,SAAS,CAAC,IAAI,CAAC,IAAI,EAAE,CAAC,CAAC;QAClH,CAAC,CAAC,CAAC;IACL,CAAC;IAED,oBAAoB;QAClB,WAAW;QACX,KAAK,CAAC,IAAI,CAAC,MAAM,EAAE,SAAS,EAAE,YAAY,EAAE,8BAA8B,CAAC,CAAC;IAC9E,CAAC;IAED,YAAY;QACV,kBAAkB;QAClB,KAAK,CAAC,IAAI,CAAC,MAAM,EAAE,SAAS,EAAE,YAAY,EAAE,sBAAsB,CAAC,CAAC;IACtE,CAAC;IAED,YAAY;QACV,kBAAkB;QAClB,KAAK,CAAC,IAAI,CAAC,MAAM,EAAE,SAAS,EAAE,YAAY,EAAE,sBAAsB,CAAC,CAAC;IACtE,CAAC;CACF;AAED,oDAAoD;AACpD,MAAM,OAAO,SAAS;IACpB,OAAO;IACP,MAAM,CAAC,QAAQ,CAAC,aAAa,EAAE,MAAM,GAAG,SAAS,CAAC;IAClD,MAAM,CAAC,QAAQ,CAAC,gBAAgB,EAAE,MAAM,GAAG,SAAS,CAAC;IACrD,MAAM,CAAC,QAAQ,CAAC,kBAAkB,EAAE,MAAM,GAAG,SAAS,CAAC;IACvD,MAAM,CAAC,QAAQ,CAAC,oBAAoB,EAAE,MAAM,GAAG,SAAS,CAAC;IAEzD,OAAO;IACP,MAAM,CAAC,QAAQ,CAAC,cAAc,EAAE,MAAM,GAAG,EAAE,CAAC;IAC5C,MAAM,CAAC,QAAQ,CAAC,UAAU,EAAE,MAAM,GAAG,EAAE,CAAC;IAExC,SAAS;IACT,MAAM,CAAC,QAAQ,CAAC,YAAY,EAAE,MAAM,GAAG,CAAC,CAAC;IACzC,MAAM,CAAC,QAAQ,CAAC,YAAY,EAAE,MAAM,GAAG,GAAG,CAAC;IAC3C,MAAM,CAAC,QAAQ,CAAC,SAAS,EAAE,MAAM,GAAG,CAAC,CAAC;IACtC,MAAM,CAAC,QAAQ,CAAC,SAAS,EAAE,MAAM,GAAG,EAAE,CAAC;IACvC,MAAM,CAAC,QAAQ,CAAC,mBAAmB,EAAE,MAAM,GAAG,EAAE,CAAC;IACjD,MAAM,CAAC,QAAQ,CAAC,mBAAmB,EAAE,MAAM,GAAG,GAAG,CAAC;CACnD",
    "entry-package-info": "entry|1.0.0"
  },
  "entry|entry|1.0.0|src/main/ets/common/components/ProductItem.ts": {
    "version": 3,
    "file": "ProductItem.ets",
    "sourceRoot": "",
    "sources": [
      "entry/src/main/ets/common/components/ProductItem.ets"
    ],
    "names": [],
    "mappings": ";;;;IAYQ,MAAM,GAAE,gBAAgB;IACvB,QAAQ,GAAE,MAAM;IAChB,SAAS,GAAE,MAAM;IACjB,SAAS,GAAE,MAAM;IACjB,SAAS,GAAE,MAAM;;OAfnB,EAAE,YAAY,EAAE;OAChB,EAAE,SAAS,EAAE;AACpB,OAAO,EAAE,YAAY,EAAE,CAAC;AAExB,MAAM,WAAW,gBAAgB;IAC/B,OAAO,EAAE,YAAY,CAAC;IACtB,cAAc,EAAE,CAAC,OAAO,EAAE,YAAY,KAAK,IAAI,CAAC;CACjD;AAGD,MAAM,OAAQ,WAAW;IADzB;;;;;;uDAG4B,qDAAqD;wDACpD,qDAAqD;wDACrD,qDAAqD;wDACrD,qDAAqD;;;KARjF;;;;;;;;;;;;;;;;mCAIO,MAAM;;;;;;;;;;;;;;;;;;IAAZ,gDAAc,gBAAgB,EAAC;QAAzB,MAAM;;;QAAN,MAAM,WAAE,gBAAgB;;;IAC9B,6CAAiB,MAAM,EAAwD;QAAxE,QAAQ;;;QAAR,QAAQ,WAAE,MAAM;;;IACvB,8CAAkB,MAAM,EAAwD;QAAzE,SAAS;;;QAAT,SAAS,WAAE,MAAM;;;IACxB,8CAAkB,MAAM,EAAwD;QAAzE,SAAS;;;QAAT,SAAS,WAAE,MAAM;;;IACxB,8CAAkB,MAAM,EAAwD;QAAzE,SAAS;;;QAAT,SAAS,WAAE,MAAM;;;IACxB;;YACE,MAAM;;YAAN,MAAM,CAyBL,OAAO,CAAC,EAAE;YAzBX,MAAM,CA0BL,eAAe,CAAC,KAAK,CAAC,KAAK;YA1B5B,MAAM,CA2BL,YAAY,CAAC,EAAE;YA3BhB,MAAM,CA4BL,MAAM,CAAC,EAAE,MAAM,EAAE,CAAC,EAAE,KAAK,EAAE,WAAW,EAAE,OAAO,EAAE,CAAC,EAAE,OAAO,EAAE,CAAC,EAAE;;;YA3B/D,KAAK,QAAC,IAAI,CAAC,MAAM,CAAC,OAAO,CAAC,KAAK;;YAA/B,KAAK,CACF,KAAK,CAAC,MAAM;YADf,KAAK,CAEF,WAAW,CAAC,CAAC;YAFhB,KAAK,CAGF,YAAY,CAAC,EAAE;;;YAGlB,IAAI,QAAC,IAAI,CAAC,MAAM,CAAC,OAAO,CAAC,IAAI;;YAA7B,IAAI,CACD,QAAQ,CAAC,EAAE;YADd,IAAI,CAED,UAAU,CAAC,UAAU,CAAC,MAAM;YAF/B,IAAI,CAGD,SAAS,CAAC,SAAS,CAAC,kBAAkB;YAHzC,IAAI,CAID,MAAM,CAAC,EAAE,GAAG,EAAE,CAAC,EAAE;;QAJpB,IAAI;;YAMJ,IAAI,QAAC,IAAI,IAAI,CAAC,MAAM,CAAC,OAAO,CAAC,KAAK,EAAE;;YAApC,IAAI,CACD,QAAQ,CAAC,EAAE;YADd,IAAI,CAED,SAAS,CAAC,SAAS,CAAC,aAAa;YAFpC,IAAI,CAGD,MAAM,CAAC,EAAE,GAAG,EAAE,CAAC,EAAE;;QAHpB,IAAI;;YAKJ,MAAM,iBAAC,MAAM;;YAAb,MAAM,CACH,IAAI,CAAC,EAAE,KAAK,EAAE,MAAM,EAAE,MAAM,EAAE,EAAE,EAAE;YADrC,MAAM,CAEH,eAAe,CAAC,SAAS,CAAC,aAAa;YAF1C,MAAM,CAGH,SAAS,CAAC,KAAK,CAAC,KAAK;YAHxB,MAAM,CAIH,MAAM,CAAC,EAAE,GAAG,EAAE,CAAC,EAAE;YAJpB,MAAM,CAKH,OAAO,CAAC,GAAG,EAAE,CAAC,IAAI,CAAC,MAAM,CAAC,cAAc,CAAC,IAAI,CAAC,MAAM,CAAC,OAAO,CAAC;;QALhE,MAAM;QAlBR,MAAM;KA6BP",
    "entry-package-info": "entry|1.0.0"
  },
  "entry|entry|1.0.0|src/main/ets/common/constants/Constants.ts": {
    "version": 3,
    "file": "Constants.ets",
    "sourceRoot": "",
    "sources": [
      "entry/src/main/ets/common/constants/Constants.ets"
    ],
    "names": [],
    "mappings": "AAAA,iCAAiC;AAEjC,MAAM,OAAO,SAAS;IAEpB,MAAM,CAAC,QAAQ,CAAC,aAAa,EAAE,MAAM,GAAG,SAAS,CAAC;IAClD,MAAM,CAAC,QAAQ,CAAC,gBAAgB,EAAE,MAAM,GAAG,SAAS,CAAC;IACrD,MAAM,CAAC,QAAQ,CAAC,kBAAkB,EAAE,MAAM,GAAG,SAAS,CAAC;IACvD,MAAM,CAAC,QAAQ,CAAC,oBAAoB,EAAE,MAAM,GAAG,SAAS,CAAC;IAEzD,MAAM,CAAC,QAAQ,CAAC,cAAc,EAAE,MAAM,GAAG,EAAE,CAAC;IAC5C,MAAM,CAAC,QAAQ,CAAC,UAAU,EAAE,MAAM,GAAG,EAAE,CAAC;IAExC,MAAM,CAAC,QAAQ,CAAC,YAAY,EAAE,MAAM,GAAG,CAAC,CAAC;IACzC,MAAM,CAAC,QAAQ,CAAC,YAAY,EAAE,MAAM,GAAG,GAAG,CAAC;IAC3C,MAAM,CAAC,QAAQ,CAAC,SAAS,EAAE,MAAM,GAAG,CAAC,CAAC;IACtC,MAAM,CAAC,QAAQ,CAAC,SAAS,EAAE,MAAM,GAAG,EAAE,CAAC;IACvC,MAAM,CAAC,QAAQ,CAAC,mBAAmB,EAAE,MAAM,GAAG,EAAE,CAAC;IACjD,MAAM,CAAC,QAAQ,CAAC,mBAAmB,EAAE,MAAM,GAAG,GAAG,CAAC;CACnD",
    "entry-package-info": "entry|1.0.0"
  },
  "entry|entry|1.0.0|src/main/ets/pages/DroneModel.ts": {
    "version": 3,
    "file": "DroneModel.ets",
    "sourceRoot": "",
    "sources": [
      "entry/src/main/ets/pages/DroneModel.ets"
    ],
    "names": [],
    "mappings": "AAEA,MAAM,OAAO,YAAY;IACvB,EAAE,EAAE,MAAM,CAAC;IACX,IAAI,EAAE,MAAM,CAAC;IACb,KAAK,EAAE,MAAM,CAAC;IACd,KAAK,EAAE,MAAM,CAAC;IACd,WAAW,EAAE,MAAM,CAAC;IACpB,cAAc,EAAE,MAAM,EAAE,CAAC;IAEzB,YACE,EAAE,EAAE,MAAM,EACV,IAAI,EAAE,MAAM,EACZ,KAAK,EAAE,MAAM,EACb,KAAK,EAAE,MAAM,EACb,WAAW,EAAE,MAAM,EACnB,cAAc,EAAE,MAAM,EAAE;QAExB,IAAI,CAAC,EAAE,GAAG,EAAE,CAAC;QACb,IAAI,CAAC,IAAI,GAAG,IAAI,CAAC;QACjB,IAAI,CAAC,KAAK,GAAG,KAAK,CAAC;QACnB,IAAI,CAAC,KAAK,GAAG,KAAK,CAAC;QACnB,IAAI,CAAC,WAAW,GAAG,WAAW,CAAC;QAC/B,IAAI,CAAC,cAAc,GAAG,cAAc,CAAC;IACvC,CAAC;CACF;AAED,MAAM,OAAO,gBAAgB;IAC3B,WAAW,EAAE,MAAM,GAAG,GAAG,CAAC;IAC1B,QAAQ,EAAE,MAAM,GAAG,EAAE,CAAC;IACtB,cAAc,EAAE,MAAM,GAAG,EAAE,CAAC;IAC5B,iBAAiB,EAAE,OAAO,GAAG,IAAI,CAAC;IAClC,QAAQ,EAAE,OAAO,GAAG,KAAK,CAAC;IAE1B,gBAAe,CAAC;CACjB;AAED,MAAM,OAAO,gBAAgB;IAC3B,OAAO,CAAC,MAAM,CAAC,QAAQ,EAAE,gBAAgB,CAAC;IAC1C,OAAO,CAAC,QAAQ,EAAE,YAAY,EAAE,GAAG,EAAE,CAAC;IACtC,OAAO,CAAC,UAAU,EAAE,gBAAgB,GAAG,IAAI,gBAAgB,EAAE,CAAC;IAE9D,OAAO;QACL,IAAI,CAAC,eAAe,EAAE,CAAC;IACzB,CAAC;IAED,MAAM,CAAC,WAAW,IAAI,gBAAgB;QACpC,IAAI,CAAC,gBAAgB,CAAC,QAAQ,EAAE;YAC9B,gBAAgB,CAAC,QAAQ,GAAG,IAAI,gBAAgB,EAAE,CAAC;SACpD;QACD,OAAO,gBAAgB,CAAC,QAAQ,CAAC;IACnC,CAAC;IAED,OAAO,CAAC,eAAe;QACrB,IAAI,CAAC,QAAQ,GAAG;YACd,IAAI,YAAY,CACd,CAAC,EACD,UAAU,EACV,IAAI,EACJ,qDAAqD,EACrD,iDAAiD,EACjD,CAAC,cAAc,EAAE,cAAc,EAAE,YAAY,EAAE,iBAAiB,CAAC,CAClE;YACD,IAAI,YAAY,CACd,CAAC,EACD,QAAQ,EACR,IAAI,EACJ,qDAAqD,EACrD,uCAAuC,EACvC,CAAC,cAAc,EAAE,aAAa,EAAE,gBAAgB,EAAE,mBAAmB,CAAC,CACvE;YACD,IAAI,YAAY,CACd,CAAC,EACD,MAAM,EACN,KAAK,EACL,qDAAqD,EACrD,qCAAqC,EACrC,CAAC,cAAc,EAAE,cAAc,EAAE,SAAS,EAAE,WAAW,CAAC,CACzD;YACD,IAAI,YAAY,CACd,CAAC,EACD,SAAS,EACT,KAAK,EACL,qDAAqD,EACrD,gCAAgC,EAChC,CAAC,cAAc,EAAE,WAAW,EAAE,cAAc,EAAE,UAAU,CAAC,CAC1D;SACF,CAAC;IACJ,CAAC;IAGD,KAAK,CAAC,WAAW,IAAI,OAAO,CAAC,YAAY,EAAE,CAAC;QAC1C,OAAO,IAAI,OAAO,CAAC,CAAC,OAAO,EAAE,EAAE;YAC7B,UAAU,CAAC,GAAG,EAAE;gBACd,OAAO,CAAC,IAAI,CAAC,QAAQ,CAAC,CAAC;YACzB,CAAC,EAAE,GAAG,CAAC,CAAC;QACV,CAAC,CAAC,CAAC;IACL,CAAC;IAGD,KAAK,CAAC,cAAc,CAAC,EAAE,EAAE,MAAM,GAAG,OAAO,CAAC,YAAY,GAAG,SAAS,CAAC;QACjE,OAAO,IAAI,OAAO,CAAC,CAAC,OAAO,EAAE,EAAE;YAC7B,UAAU,CAAC,GAAG,EAAE;gBACd,MAAM,OAAO,GAAG,IAAI,CAAC,QAAQ,CAAC,IAAI,CAAC,CAAC,CAAC,EAAE,CAAC,CAAC,CAAC,EAAE,KAAK,EAAE,CAAC,CAAC;gBACrD,OAAO,CAAC,OAAO,CAAC,CAAC;YACnB,CAAC,EAAE,GAAG,CAAC,CAAC;QACV,CAAC,CAAC,CAAC;IACL,CAAC;IAED,aAAa,IAAI,gBAAgB;QAC/B,OAAO,IAAI,CAAC,UAAU,CAAC;IACzB,CAAC;IAED,gBAAgB,CAAC,MAAM,EAAE,gBAAgB,GAAG,IAAI;QAC9C,IAAI,CAAC,UAAU,GAAG,MAAM,CAAC;IAC3B,CAAC;CACF",
    "entry-package-info": "entry|1.0.0"
  },
  "entry|entry|1.0.0|src/main/ets/pages/Index.ts": {
    "version": 3,
    "file": "Index.ets",
    "sourceRoot": "",
    "sources": [
      "entry/src/main/ets/pages/Index.ets"
    ],
    "names": [],
    "mappings": ";;;;IAYS,QAAQ,GAAE,YAAY,EAAE;IACxB,eAAe,GAAE,MAAM;IACvB,SAAS,GAAE,OAAO;IAClB,QAAQ,GAAE,MAAM;;OAZlB,MAAM;OACN,EAAE,WAAW,EAAoB;cAAlB,gBAAgB;OAC/B,EAAE,gBAAgB,EAAE;OACpB,EAAE,SAAS,EAAE;OACb,EAAE,YAAY,EAAE;MAIhB,KAAK;IAFZ;;;;;uDAGoC,EAAE;8DACH,CAAC;wDACN,IAAI;uDACN,qDAAqD;;;KARrC;;;;;;;;;;;;;;;;;;;;;;;;;;;;;;;IAK1C,6CAAiB,YAAY,EAAE,EAAM;QAA9B,QAAQ;;;QAAR,QAAQ,WAAE,YAAY,EAAE;;;IAC/B,oDAAwB,MAAM,EAAK;QAA5B,eAAe;;;QAAf,eAAe,WAAE,MAAM;;;IAC9B,8CAAkB,OAAO,EAAQ;QAA1B,SAAS;;;QAAT,SAAS,WAAE,OAAO;;;IACzB,6CAAiB,MAAM,EAAwD;QAAxE,QAAQ;;;QAAR,QAAQ,WAAE,MAAM;;;IAIvB,KAAK,CAAC,aAAa;QACjB,IAAI;YACF,IAAI,CAAC,SAAS,GAAG,IAAI,CAAC;YACtB,IAAI,CAAC,QAAQ,GAAG,MAAM,gBAAgB,CAAC,WAAW,EAAE,CAAC,WAAW,EAAE,CAAC;SACpE;QAAC,OAAO,KAAK,EAAE;YACd,OAAO,CAAC,KAAK,CAAC,SAAS,EAAE,KAAK,CAAC,CAAC;YAChC,IAAI,CAAC,QAAQ,GAAG,EAAE,CAAC;SACpB;gBAAS;YACR,IAAI,CAAC,SAAS,GAAG,KAAK,CAAC;SACxB;IACH,CAAC;IAGD,UAAU,CAAC,KAAK,EAAE,MAAM,EAAE,KAAK,EAAE,MAAM,EAAE,IAAI,EAAE,QAAQ,EAAE,YAAY,EAAE,QAAQ;;YAC7E,MAAM;;YAAN,MAAM,CAQL,IAAI,CAAC,EAAE,KAAK,EAAE,MAAM,EAAE,MAAM,EAAE,MAAM,EAAE;YARvC,MAAM,CASL,cAAc,CAAC,SAAS,CAAC,MAAM;;;YAR9B,KAAK,QAAC,IAAI,CAAC,eAAe,KAAK,KAAK,CAAC,CAAC,CAAC,YAAY,CAAC,CAAC,CAAC,IAAI;;YAA1D,KAAK,CACF,IAAI,CAAC,EAAE,KAAK,EAAE,EAAE,EAAE,MAAM,EAAE,EAAE,EAAE;;;YACjC,IAAI,QAAC,KAAK;;YAAV,IAAI,CACD,QAAQ,CAAC,EAAE;YADd,IAAI,CAED,SAAS,CAAC,IAAI,CAAC,eAAe,KAAK,KAAK,CAAC,CAAC,CAAC,SAAS,CAAC,aAAa,CAAC,CAAC,CAAC,SAAS,CAAC,oBAAoB;YAFtG,IAAI,CAGD,MAAM,CAAC,EAAE,GAAG,EAAE,CAAC,EAAE;;QAHpB,IAAI;QAHN,MAAM;KAUP;IAED;;YACE,IAAI,QAAC,EAAE,WAAW,EAAE,WAAW,CAAC,GAAG,EAAE,KAAK,EAAE,IAAI,CAAC,eAAe,EAAE;;YAAlE,IAAI,CA6FH,QAAQ,CAAC,CAAC,KAAK,EAAE,MAAM,EAAE,EAAE,CAAC,IAAI,CAAC,eAAe,GAAG,KAAK;YA7FzD,IAAI,CA8FH,KAAK,CAAC,MAAM;YA9Fb,IAAI,CA+FH,MAAM,CAAC,MAAM;;;;;oBA7FV,MAAM;;oBAAN,MAAM,CA0DL,KAAK,CAAC,MAAM;oBA1Db,MAAM,CA2DL,eAAe,CAAC,SAAS,CAAC,gBAAgB;;;oBA1DzC,GAAG;;oBAAH,GAAG,CAiBF,OAAO,CAAC,EAAE,IAAI,EAAE,EAAE,EAAE,KAAK,EAAE,EAAE,EAAE;oBAjBhC,GAAG,CAkBF,MAAM,CAAC,EAAE;;;oBAjBR,IAAI,QAAC,OAAO;;oBAAZ,IAAI,CACD,QAAQ,CAAC,EAAE;oBADd,IAAI,CAED,UAAU,CAAC,UAAU,CAAC,IAAI;oBAF7B,IAAI,CAGD,SAAS,CAAC,SAAS,CAAC,kBAAkB;;gBAHzC,IAAI;;oBAKJ,KAAK;;;gBAAL,KAAK;;oBAEL,MAAM;;oBAAN,MAAM,CAIL,IAAI,CAAC,UAAU,CAAC,MAAM;oBAJvB,MAAM,CAKL,IAAI,CAAC,EAAE,KAAK,EAAE,EAAE,EAAE,MAAM,EAAE,EAAE,EAAE;oBAL/B,MAAM,CAML,eAAe,CAAC,SAAS,CAAC,gBAAgB;oBAN3C,MAAM,CAOL,OAAO,CAAC,GAAG,EAAE,CAAC,MAAM,CAAC,OAAO,CAAC,EAAE,GAAG,EAAE,yBAAyB,EAAE,CAAC;;;oBAN/D,KAAK;;oBAAL,KAAK,CACF,IAAI,CAAC,EAAE,KAAK,EAAE,EAAE,EAAE,MAAM,EAAE,EAAE,EAAE;;gBAFnC,MAAM;gBARR,GAAG;;oBAoBH,MAAM;;oBAAN,MAAM,CAkCL,SAAS,CAAC,QAAQ,CAAC,GAAG;oBAlCvB,MAAM,CAmCL,UAAU,CAAC,UAAU,CAAC,MAAM;;;;oBAlC3B,IAAI,IAAI,CAAC,SAAS,EAAE;;;gCAClB,IAAI,QAAC,QAAQ;;gCAAb,IAAI,CACD,QAAQ,CAAC,EAAE;gCADd,IAAI,CAED,MAAM,CAAC,EAAE,GAAG,EAAE,EAAE,EAAE;;4BAFrB,IAAI;;qBAGL;yBAAM,IAAI,IAAI,CAAC,QAAQ,CAAC,MAAM,KAAK,CAAC,EAAE;;;gCACrC,IAAI,QAAC,MAAM;;gCAAX,IAAI,CACD,QAAQ,CAAC,EAAE;gCADd,IAAI,CAED,MAAM,CAAC,EAAE,GAAG,EAAE,EAAE,EAAE;;4BAFrB,IAAI;;qBAGL;yBAAM;;;gCACL,IAAI;;gCAAJ,IAAI,CAkBH,eAAe,CAAC,SAAS;gCAlB1B,IAAI,CAmBH,UAAU,CAAC,EAAE;gCAnBd,IAAI,CAoBH,OAAO,CAAC,EAAE;gCApBX,IAAI,CAqBH,OAAO,CAAC,EAAE;;;gCApBT,OAAO;;;;;;4CACL,QAAQ,CAaP,MAAM,CAAC,EAAE,MAAM,EAAE,EAAE,EAAE;;;;;;;;gFAZpB,WAAW,OAAC;4DACV,MAAM,EAAE;gEACN,OAAO,EAAE,IAAI;gEACb,cAAc,EAAE,CAAC,OAAO,EAAE,YAAY,EAAE,EAAE;oEACxC,MAAM,CAAC,OAAO,CAAC;wEACb,GAAG,EAAE,qBAAqB;wEAC1B,MAAM,EAAE,EAAE,SAAS,EAAE,OAAO,CAAC,EAAE,EAAE;qEAClC,CAAC,CAAC;gEACL,CAAC;6DACF,IAAI,gBAAgB;yDACtB;;;;gEATC,MAAM,EAAE;oEACN,OAAO,EAAE,IAAI;oEACb,cAAc,EAAE,CAAC,OAAO,EAAE,YAAY,EAAE,EAAE;wEACxC,MAAM,CAAC,OAAO,CAAC;4EACb,GAAG,EAAE,qBAAqB;4EAC1B,MAAM,EAAE,EAAE,SAAS,EAAE,OAAO,CAAC,EAAE,EAAE;yEAClC,CAAC,CAAC;oEACL,CAAC;iEACF,IAAI,gBAAgB;;;;;;;4DARrB,MAAM,EAAE;gEACN,OAAO,EAAE,IAAI;gEACb,cAAc,EAAE,CAAC,OAAO,EAAE,YAAY,EAAE,EAAE;oEACxC,MAAM,CAAC,OAAO,CAAC;wEACb,GAAG,EAAE,qBAAqB;wEAC1B,MAAM,EAAE,EAAE,SAAS,EAAE,OAAO,CAAC,EAAE,EAAE;qEAClC,CAAC,CAAC;gEACL,CAAC;6DACF,IAAI,gBAAgB;;;;;4CAVzB,QAAQ;;;;;mEADF,IAAI,CAAC,QAAQ;;4BAArB,OAAO;4BADT,IAAI;;qBAsBL;;;gBAhCH,MAAM;gBArBR,MAAM;;uBA6DP,MAAM;oBAAC,IAAI,CAAC,UAAU,YAAC,IAAI,EAAE,CAAC;;;;;;;;oBAK7B,MAAM;;oBAAN,MAAM,CAmBL,KAAK,CAAC,MAAM;;;oBAlBX,GAAG;;oBAAH,GAAG,CAMF,MAAM,CAAC,EAAE;oBANV,GAAG,CAOF,OAAO,CAAC,EAAE;;;oBANT,IAAI,QAAC,OAAO;;oBAAZ,IAAI,CACD,QAAQ,CAAC,EAAE;oBADd,IAAI,CAED,UAAU,CAAC,UAAU,CAAC,IAAI;oBAF7B,IAAI,CAGD,SAAS,CAAC,SAAS,CAAC,kBAAkB;;gBAHzC,IAAI;gBADN,GAAG;;oBASH,MAAM,iBAAC,MAAM;;oBAAb,MAAM,CACH,KAAK,CAAC,KAAK;oBADd,MAAM,CAEH,MAAM,CAAC,EAAE;oBAFZ,MAAM,CAGH,eAAe,CAAC,SAAS,CAAC,aAAa;oBAH1C,MAAM,CAIH,SAAS,CAAC,KAAK,CAAC,KAAK;oBAJxB,MAAM,CAKH,OAAO,CAAC,GAAG,EAAE,CAAC,MAAM,CAAC,OAAO,CAAC,EAAE,GAAG,EAAE,yBAAyB,EAAE,CAAC;oBALnE,MAAM,CAMH,MAAM,CAAC,EAAE,GAAG,EAAE,EAAE,EAAE;oBANrB,MAAM,CAOH,KAAK,CAAC,MAAM;;gBAPf,MAAM;gBAVR,MAAM;;uBAqBP,MAAM;oBAAC,IAAI,CAAC,UAAU,YAAC,MAAM,EAAE,CAAC;;;;;QAzFnC,IAAI;KAgGL;;;;;;;;AAIH,OAAO,EAAE,YAAY,EAAE,CAAC",
    "entry-package-info": "entry|1.0.0"
  },
  "entry|entry|1.0.0|src/main/ets/pages/Login.ts": {
    "version": 3,
    "file": "Login.ets",
    "sourceRoot": "",
    "sources": [
      "entry/src/main/ets/pages/Login.ets"
    ],
    "names": [],
    "mappings": ";;;;IAMiB,QAAQ,GAAE,MAAM;IAChB,QAAQ,GAAE,MAAM;IAChB,YAAY,GAAE,OAAO;IACrB,YAAY,GAAE,MAAM;;;;MAJ9B,KAAK;IAHZ;;;;;uDAIoC,GAAG;uDACH,UAAU;2DACL,KAAK;2DACN,EAAE;;;KARO;;;;;;;;;;;;;;;;;;;;;;;;;;;;;;;IAKxC,OAAO,sCAAW,MAAM,EAAO;QAAvB,QAAQ;;;QAAR,QAAQ,WAAE,MAAM;;;IACxB,OAAO,sCAAW,MAAM,EAAc;QAA9B,QAAQ;;;QAAR,QAAQ,WAAE,MAAM;;;IACxB,OAAO,0CAAe,OAAO,EAAS;QAA9B,YAAY;;;QAAZ,YAAY,WAAE,OAAO;;;IAC7B,OAAO,0CAAe,MAAM,EAAM;QAA1B,YAAY;;;QAAZ,YAAY,WAAE,MAAM;;;IAEnC;;YACE,MAAM;;YAAN,MAAM,CA0EL,KAAK,CAAC,MAAM;YA1Eb,MAAM,CA2EL,MAAM,CAAC,MAAM;YA3Ed,MAAM,CA4EL,OAAO,CAAC,EAAE;YA5EX,MAAM,CA6EL,eAAe;;;YA5Ed,IAAI;;YAAJ,IAAI,CACD,QAAQ,CAAC,EAAE;YADd,IAAI,CAED,UAAU,CAAC,UAAU,CAAC,IAAI;YAF7B,IAAI,CAGD,SAAS;YAHZ,IAAI,CAID,MAAM,CAAC,EAAE,GAAG,EAAE,EAAE,EAAE,MAAM,EAAE,CAAC,EAAE;;QAJhC,IAAI;;YAKJ,KAAK;;YAAL,KAAK,CACA,KAAK,CAAC,KAAK;YADhB,KAAK,CAEA,MAAM,CAAC,GAAG;YAFf,KAAK,CAGA,SAAS,CAAC,QAAQ,CAAC,KAAK;YAH7B,KAAK,CAIA,MAAM,CAAC,EAAE,GAAG,EAAE,EAAE,EAAE;;;YACvB,IAAI;;YAAJ,IAAI,CACD,QAAQ,CAAC,EAAE;YADd,IAAI,CAED,UAAU,CAAC,UAAU,CAAC,IAAI;YAF7B,IAAI,CAGD,SAAS;YAHZ,IAAI,CAID,MAAM,CAAC,EAAE,GAAG,EAAE,EAAE,EAAE,MAAM,EAAE,EAAE,EAAE;;QAJjC,IAAI;;YAOJ,SAAS,QAAC,EAAE,WAAW,8GAA2B,EAAE;;YAApD,SAAS,CACN,KAAK,CAAC,KAAK;YADd,SAAS,CAEN,MAAM,CAAC,EAAE;YAFZ,SAAS,CAGN,IAAI,CAAC,SAAS,CAAC,MAAM;YAHxB,SAAS,CAIN,QAAQ,CAAC,CAAC,KAAK,EAAE,MAAM,EAAE,EAAE;gBAC1B,IAAI,CAAC,QAAQ,GAAG,KAAK,CAAC;gBACtB,IAAI,CAAC,UAAU,EAAE,CAAC;YACpB,CAAC;YAPH,SAAS,CAQN,MAAM,CAAC,EAAE,MAAM,EAAE,EAAE,EAAE;;;YAGxB,SAAS,QAAC,EAAE,WAAW,8GAA2B,EAAE;;YAApD,SAAS,CACN,KAAK,CAAC,KAAK;YADd,SAAS,CAEN,MAAM,CAAC,EAAE;YAFZ,SAAS,CAGN,IAAI,CAAC,IAAI,CAAC,YAAY,CAAC,CAAC,CAAC,SAAS,CAAC,MAAM,CAAC,CAAC,CAAC,SAAS,CAAC,QAAQ;YAHjE,SAAS,CAIN,QAAQ,CAAC,CAAC,KAAK,EAAE,MAAM,EAAE,EAAE;gBAC1B,IAAI,CAAC,QAAQ,GAAG,KAAK,CAAC;gBACtB,IAAI,CAAC,UAAU,EAAE,CAAC;YACpB,CAAC;YAPH,SAAS,CAQN,MAAM,CAAC,EAAE,MAAM,EAAE,EAAE,EAAE;;;YAExB,GAAG;;YAAH,GAAG,CAUF,KAAK,CAAC,KAAK;YAVZ,GAAG,CAWF,cAAc,CAAC,SAAS,CAAC,KAAK;;;YAV7B,QAAQ;;YAAR,QAAQ,CACL,MAAM,CAAC,IAAI,CAAC,YAAY;YAD3B,QAAQ,CAEL,QAAQ,CAAC,CAAC,OAAO,EAAE,OAAO,EAAE,EAAE;gBAC7B,IAAI,CAAC,YAAY,GAAG,OAAO,CAAC;YAC9B,CAAC;;QAJH,QAAQ;;YAKR,IAAI;;YAAJ,IAAI,CACD,QAAQ,CAAC,EAAE;YADd,IAAI,CAED,MAAM,CAAC,EAAE,IAAI,EAAE,CAAC,EAAE;;QAFrB,IAAI;QANN,GAAG;;;YAcH,IAAI,IAAI,CAAC,YAAY,EAAE;;;wBACrB,IAAI,QAAC,IAAI,CAAC,YAAY;;wBAAtB,IAAI,CACD,QAAQ,CAAC,EAAE;wBADd,IAAI,CAED,SAAS;wBAFZ,IAAI,CAGD,MAAM,CAAC,EAAE,GAAG,EAAE,EAAE,EAAE;;oBAHrB,IAAI;;aAIL;;;;aAAA;;;;YAGD,MAAM,+HAAyB,EAAE,IAAI,EAAE,UAAU,CAAC,OAAO,EAAE;;YAA3D,MAAM,CACH,KAAK,CAAC,KAAK;YADd,MAAM,CAEH,MAAM,CAAC,EAAE;YAFZ,MAAM,CAGH,MAAM,CAAC,EAAE,GAAG,EAAE,EAAE,EAAE;YAHrB,MAAM,CAIH,eAAe;YAJlB,MAAM,CAKH,OAAO,CAAC,GAAG,EAAE,CAAC,IAAI,CAAC,WAAW,EAAE;;QALnC,MAAM;;YAON,IAAI;;YAAJ,IAAI,CACD,QAAQ,CAAC,EAAE;YADd,IAAI,CAED,SAAS;YAFZ,IAAI,CAGD,MAAM,CAAC,EAAE,GAAG,EAAE,EAAE,EAAE;;QAHrB,IAAI;QApEN,MAAM;KA8EP;IAED,OAAO,CAAC,KAAK,CAAC,WAAW;QACvB,IAAI,CAAC,IAAI,CAAC,YAAY,EAAE;YAAE,OAAO;QAEjC,UAAU,CAAC,WAAW,CAAC,OAAO,EAAE,YAAY,CAAC,CAAC;QAC9C,MAAM,CAAC,UAAU,CAAC,EAAE,GAAG,EAAE,aAAa,EAAE,CAAC,CAAC;QAE1C,YAAY,CAAC,SAAS,CAAC;YACrB,OAAO,8GAAgC;YACvC,QAAQ,EAAE,IAAI;SACf,CAAC,CAAC;IACL,CAAC;IAED,OAAO,CAAC,YAAY,IAAI,OAAO;QAC7B,IAAI,IAAI,CAAC,QAAQ,CAAC,IAAI,EAAE,CAAC,MAAM,KAAK,CAAC,EAAE;YACrC,IAAI,CAAC,YAAY,GAAG,6GAAgC,QAAQ,EAAE,CAAC;YAC/D,YAAY,CAAC,SAAS,CAAC;gBACrB,OAAO,8GAAiC;gBACxC,QAAQ,EAAE,IAAI;aACf,CAAC,CAAC;YACH,OAAO,KAAK,CAAC;SACd;QAED,IAAI,IAAI,CAAC,QAAQ,CAAC,MAAM,GAAG,CAAC,EAAE;YAC5B,IAAI,CAAC,YAAY,GAAG,6GAAoC,QAAQ,EAAE,CAAC;YACnE,YAAY,CAAC,SAAS,CAAC;gBACrB,OAAO,8GAAqC;gBAC5C,QAAQ,EAAE,IAAI;aACf,CAAC,CAAC;YACH,OAAO,KAAK,CAAC;SACd;QAED,OAAO,IAAI,CAAC;IACd,CAAC;IAED,OAAO,CAAC,UAAU;QAChB,IAAI,CAAC,YAAY,GAAG,EAAE,CAAC;IACzB,CAAC",
    "entry-package-info": "entry|1.0.0"
  },
  "entry|entry|1.0.0|src/main/ets/pages/ParameterSettings.ts": {
    "version": 3,
    "file": "ParameterSettings.ets",
    "sourceRoot": "",
    "sources": [
      "entry/src/main/ets/pages/ParameterSettings.ets"
    ],
    "names": [],
    "mappings": ";;;;IAQS,UAAU,GAAE,gBAAgB;IAC5B,UAAU,GAAE,OAAO;;OATrB,MAAM;OACN,YAAY;OACZ,EAAE,SAAS,EAAE;OACb,EAAE,gBAAgB,EAAE,gBAAgB,EAAE;MAItC,iBAAiB;IAFxB;;;;;yDAGwC,IAAI,gBAAgB,EAAE;yDAC/B,KAAK;;;KAN8B;;;;;;;;;;;;;;;;;;;;;IAKhE,+CAAmB,gBAAgB,EAA0B;QAAtD,UAAU;;;QAAV,UAAU,WAAE,gBAAgB;;;IACnC,+CAAmB,OAAO,EAAS;QAA5B,UAAU;;;QAAV,UAAU,WAAE,OAAO;;;IAE1B,aAAa;QAEX,MAAM,MAAM,GAAG,gBAAgB,CAAC,WAAW,EAAE,CAAC,aAAa,EAAE,CAAC;QAE9D,IAAI,CAAC,UAAU,GAAG,IAAI,gBAAgB,EAAE,CAAC;QACzC,IAAI,CAAC,UAAU,CAAC,WAAW,GAAG,MAAM,CAAC,WAAW,CAAC;QACjD,IAAI,CAAC,UAAU,CAAC,QAAQ,GAAG,MAAM,CAAC,QAAQ,CAAC;QAC3C,IAAI,CAAC,UAAU,CAAC,cAAc,GAAG,MAAM,CAAC,cAAc,CAAC;QACvD,IAAI,CAAC,UAAU,CAAC,iBAAiB,GAAG,MAAM,CAAC,iBAAiB,CAAC;QAC7D,IAAI,CAAC,UAAU,CAAC,QAAQ,GAAG,MAAM,CAAC,QAAQ,CAAC;IAC7C,CAAC;IAGD,cAAc;QACZ,gBAAgB,CAAC,WAAW,EAAE,CAAC,gBAAgB,CAAC,IAAI,CAAC,UAAU,CAAC,CAAC;QACjE,YAAY,CAAC,SAAS,CAAC;YACrB,OAAO,EAAE,SAAS;YAClB,QAAQ,EAAE,IAAI;SACf,CAAC,CAAC;QACH,IAAI,CAAC,UAAU,GAAG,KAAK,CAAC;IAC1B,CAAC;IAED;;YACE,MAAM;;YAAN,MAAM,CAsRL,KAAK,CAAC,MAAM;YAtRb,MAAM,CAuRL,MAAM,CAAC,MAAM;YAvRd,MAAM,CAwRL,eAAe,CAAC,SAAS,CAAC,gBAAgB;;;YAtRzC,GAAG;;YAAH,GAAG,CAqCF,KAAK,CAAC,MAAM;YArCb,GAAG,CAsCF,MAAM,CAAC,EAAE;YAtCV,GAAG,CAuCF,OAAO,CAAC,EAAE,IAAI,EAAE,SAAS,CAAC,cAAc,EAAE,KAAK,EAAE,SAAS,CAAC,cAAc,EAAE;;;YAtC1E,MAAM;;YAAN,MAAM,CAKL,IAAI,CAAC,UAAU,CAAC,MAAM;YALvB,MAAM,CAML,eAAe,CAAC,SAAS,CAAC,gBAAgB;YAN3C,MAAM,CAOL,KAAK,CAAC,EAAE;YAPT,MAAM,CAQL,MAAM,CAAC,EAAE;YARV,MAAM,CASL,OAAO,CAAC,GAAG,EAAE;gBACZ,IAAI,IAAI,CAAC,UAAU,EAAE;oBACnB,WAAW,CAAC,IAAI,CAAC;wBACf,KAAK,EAAE,IAAI;wBACX,OAAO,EAAE,kBAAkB;wBAC3B,aAAa,EAAE;4BACb,KAAK,EAAE,IAAI;4BACX,MAAM,EAAE,GAAG,EAAE,GAAG,CAAC;yBAClB;wBACD,eAAe,EAAE;4BACf,KAAK,EAAE,IAAI;4BACX,MAAM,EAAE,GAAG,EAAE;gCACX,MAAM,CAAC,IAAI,EAAE,CAAC;4BAChB,CAAC;yBACF;qBACF,CAAC,CAAA;iBACH;qBAAM;oBACL,MAAM,CAAC,IAAI,EAAE,CAAC;iBACf;YACH,CAAC;;;YA3BC,KAAK;;YAAL,KAAK,CACF,KAAK,CAAC,EAAE;YADX,KAAK,CAEF,MAAM,CAAC,EAAE;;QAHd,MAAM;;YA8BN,IAAI,QAAC,MAAM;;YAAX,IAAI,CACD,QAAQ,CAAC,EAAE;YADd,IAAI,CAED,UAAU,CAAC,UAAU,CAAC,IAAI;YAF7B,IAAI,CAGD,SAAS,CAAC,SAAS,CAAC,kBAAkB;YAHzC,IAAI,CAID,MAAM,CAAC,EAAE,IAAI,EAAE,EAAE,EAAE;;QAJtB,IAAI;QA/BN,GAAG;;YA0CH,MAAM;;YAAN,MAAM,CA4LL,SAAS,CAAC,QAAQ,CAAC,GAAG;YA5LvB,MAAM,CA6LL,UAAU,CAAC,UAAU,CAAC,MAAM;YA7L7B,MAAM,CA8LL,YAAY,CAAC,CAAC;;;YA7Lb,MAAM;;YAAN,MAAM,CAwLL,KAAK,CAAC,MAAM;YAxLb,MAAM,CAyLL,OAAO,CAAC,EAAE,IAAI,EAAE,SAAS,CAAC,cAAc,EAAE,KAAK,EAAE,SAAS,CAAC,cAAc,EAAE,GAAG,EAAE,EAAE,EAAE,MAAM,EAAE,EAAE,EAAE;;;YAvL/F,MAAM;;YAAN,MAAM,CAoCL,KAAK,CAAC,MAAM;YApCb,MAAM,CAqCL,OAAO,CAAC,EAAE;YArCX,MAAM,CAsCL,eAAe,CAAC,KAAK,CAAC,KAAK;YAtC5B,MAAM,CAuCL,YAAY,CAAC,EAAE;YAvChB,MAAM,CAwCL,MAAM,CAAC,EAAE,MAAM,EAAE,EAAE,EAAE;;;YAvCpB,IAAI,QAAC,QAAQ;;YAAb,IAAI,CACD,QAAQ,CAAC,EAAE;YADd,IAAI,CAED,UAAU,CAAC,UAAU,CAAC,IAAI;YAF7B,IAAI,CAGD,SAAS,CAAC,SAAS,CAAC,kBAAkB;YAHzC,IAAI,CAID,KAAK,CAAC,MAAM;YAJf,IAAI,CAKD,MAAM,CAAC,EAAE,MAAM,EAAE,EAAE,EAAE;;QALxB,IAAI;;YAOJ,GAAG;;YAAH,GAAG,CAyBF,KAAK,CAAC,MAAM;YAzBb,GAAG,CA0BF,OAAO,CAAC,EAAE,GAAG,EAAE,CAAC,EAAE,MAAM,EAAE,CAAC,EAAE;;;YAzB5B,IAAI,QAAC,IAAI,CAAC,UAAU,CAAC,WAAW,CAAC,QAAQ,EAAE,GAAG,IAAI;;YAAlD,IAAI,CACD,QAAQ,CAAC,EAAE;YADd,IAAI,CAED,SAAS,CAAC,SAAS,CAAC,oBAAoB;YAF3C,IAAI,CAGD,KAAK,CAAC,EAAE;YAHX,IAAI,CAID,SAAS,CAAC,SAAS,CAAC,GAAG;;QAJ1B,IAAI;;YAMJ,MAAM,QAAC;gBACL,KAAK,EAAE,IAAI,CAAC,UAAU,CAAC,WAAW;gBAClC,GAAG,EAAE,SAAS,CAAC,YAAY;gBAC3B,GAAG,EAAE,SAAS,CAAC,YAAY;gBAC3B,IAAI,EAAE,EAAE;aACT;;YALD,MAAM,CAMH,YAAY,CAAC,CAAC;YANjB,MAAM,CAOH,MAAM,CAAC,EAAE,IAAI,EAAE,EAAE,EAAE,KAAK,EAAE,EAAE,EAAE;YAPjC,MAAM,CAQH,QAAQ,CAAC,CAAC,KAAK,EAAE,MAAM,EAAE,EAAE;gBAC1B,IAAI,CAAC,UAAU,CAAC,WAAW,GAAG,KAAK,CAAC;gBACpC,IAAI,CAAC,UAAU,GAAG,IAAI,CAAC;YACzB,CAAC;;;YAEH,IAAI,QAAC,SAAS,CAAC,YAAY,CAAC,QAAQ,EAAE;;YAAtC,IAAI,CACD,QAAQ,CAAC,EAAE;YADd,IAAI,CAED,SAAS,CAAC,SAAS,CAAC,oBAAoB;YAF3C,IAAI,CAGD,KAAK,CAAC,EAAE;;QAHX,IAAI;QApBN,GAAG;QARL,MAAM;;YA2CN,MAAM;;YAAN,MAAM,CAoCL,KAAK,CAAC,MAAM;YApCb,MAAM,CAqCL,OAAO,CAAC,EAAE;YArCX,MAAM,CAsCL,eAAe,CAAC,KAAK,CAAC,KAAK;YAtC5B,MAAM,CAuCL,YAAY,CAAC,EAAE;YAvChB,MAAM,CAwCL,MAAM,CAAC,EAAE,MAAM,EAAE,EAAE,EAAE;;;YAvCpB,IAAI,QAAC,QAAQ;;YAAb,IAAI,CACD,QAAQ,CAAC,EAAE;YADd,IAAI,CAED,UAAU,CAAC,UAAU,CAAC,IAAI;YAF7B,IAAI,CAGD,SAAS,CAAC,SAAS,CAAC,kBAAkB;YAHzC,IAAI,CAID,KAAK,CAAC,MAAM;YAJf,IAAI,CAKD,MAAM,CAAC,EAAE,MAAM,EAAE,EAAE,EAAE;;QALxB,IAAI;;YAOJ,GAAG;;YAAH,GAAG,CAyBF,KAAK,CAAC,MAAM;YAzBb,GAAG,CA0BF,OAAO,CAAC,EAAE,GAAG,EAAE,CAAC,EAAE,MAAM,EAAE,CAAC,EAAE;;;YAzB5B,IAAI,QAAC,IAAI,CAAC,UAAU,CAAC,QAAQ,CAAC,QAAQ,EAAE,GAAG,MAAM;;YAAjD,IAAI,CACD,QAAQ,CAAC,EAAE;YADd,IAAI,CAED,SAAS,CAAC,SAAS,CAAC,oBAAoB;YAF3C,IAAI,CAGD,KAAK,CAAC,EAAE;YAHX,IAAI,CAID,SAAS,CAAC,SAAS,CAAC,GAAG;;QAJ1B,IAAI;;YAMJ,MAAM,QAAC;gBACL,KAAK,EAAE,IAAI,CAAC,UAAU,CAAC,QAAQ;gBAC/B,GAAG,EAAE,SAAS,CAAC,SAAS;gBACxB,GAAG,EAAE,SAAS,CAAC,SAAS;gBACxB,IAAI,EAAE,CAAC;aACR;;YALD,MAAM,CAMH,YAAY,CAAC,CAAC;YANjB,MAAM,CAOH,MAAM,CAAC,EAAE,IAAI,EAAE,EAAE,EAAE,KAAK,EAAE,EAAE,EAAE;YAPjC,MAAM,CAQH,QAAQ,CAAC,CAAC,KAAK,EAAE,MAAM,EAAE,EAAE;gBAC1B,IAAI,CAAC,UAAU,CAAC,QAAQ,GAAG,KAAK,CAAC;gBACjC,IAAI,CAAC,UAAU,GAAG,IAAI,CAAC;YACzB,CAAC;;;YAEH,IAAI,QAAC,SAAS,CAAC,SAAS,CAAC,QAAQ,EAAE;;YAAnC,IAAI,CACD,QAAQ,CAAC,EAAE;YADd,IAAI,CAED,SAAS,CAAC,SAAS,CAAC,oBAAoB;YAF3C,IAAI,CAGD,KAAK,CAAC,EAAE;;QAHX,IAAI;QApBN,GAAG;QARL,MAAM;;YA2CN,MAAM;;YAAN,MAAM,CAoCL,KAAK,CAAC,MAAM;YApCb,MAAM,CAqCL,OAAO,CAAC,EAAE;YArCX,MAAM,CAsCL,eAAe,CAAC,KAAK,CAAC,KAAK;YAtC5B,MAAM,CAuCL,YAAY,CAAC,EAAE;YAvChB,MAAM,CAwCL,MAAM,CAAC,EAAE,MAAM,EAAE,EAAE,EAAE;;;YAvCpB,IAAI,QAAC,QAAQ;;YAAb,IAAI,CACD,QAAQ,CAAC,EAAE;YADd,IAAI,CAED,UAAU,CAAC,UAAU,CAAC,IAAI;YAF7B,IAAI,CAGD,SAAS,CAAC,SAAS,CAAC,kBAAkB;YAHzC,IAAI,CAID,KAAK,CAAC,MAAM;YAJf,IAAI,CAKD,MAAM,CAAC,EAAE,MAAM,EAAE,EAAE,EAAE;;QALxB,IAAI;;YAOJ,GAAG;;YAAH,GAAG,CAyBF,KAAK,CAAC,MAAM;YAzBb,GAAG,CA0BF,OAAO,CAAC,EAAE,GAAG,EAAE,CAAC,EAAE,MAAM,EAAE,CAAC,EAAE;;;YAzB5B,IAAI,QAAC,IAAI,CAAC,UAAU,CAAC,cAAc,CAAC,QAAQ,EAAE,GAAG,IAAI;;YAArD,IAAI,CACD,QAAQ,CAAC,EAAE;YADd,IAAI,CAED,SAAS,CAAC,SAAS,CAAC,oBAAoB;YAF3C,IAAI,CAGD,KAAK,CAAC,EAAE;YAHX,IAAI,CAID,SAAS,CAAC,SAAS,CAAC,GAAG;;QAJ1B,IAAI;;YAMJ,MAAM,QAAC;gBACL,KAAK,EAAE,IAAI,CAAC,UAAU,CAAC,cAAc;gBACrC,GAAG,EAAE,SAAS,CAAC,mBAAmB;gBAClC,GAAG,EAAE,SAAS,CAAC,mBAAmB;gBAClC,IAAI,EAAE,CAAC;aACR;;YALD,MAAM,CAMH,YAAY,CAAC,CAAC;YANjB,MAAM,CAOH,MAAM,CAAC,EAAE,IAAI,EAAE,EAAE,EAAE,KAAK,EAAE,EAAE,EAAE;YAPjC,MAAM,CAQH,QAAQ,CAAC,CAAC,KAAK,EAAE,MAAM,EAAE,EAAE;gBAC1B,IAAI,CAAC,UAAU,CAAC,cAAc,GAAG,KAAK,CAAC;gBACvC,IAAI,CAAC,UAAU,GAAG,IAAI,CAAC;YACzB,CAAC;;;YAEH,IAAI,QAAC,SAAS,CAAC,mBAAmB,CAAC,QAAQ,EAAE;;YAA7C,IAAI,CACD,QAAQ,CAAC,EAAE;YADd,IAAI,CAED,SAAS,CAAC,SAAS,CAAC,oBAAoB;YAF3C,IAAI,CAGD,KAAK,CAAC,EAAE;;QAHX,IAAI;QApBN,GAAG;QARL,MAAM;;YA2CN,MAAM;;YAAN,MAAM,CA+CL,KAAK,CAAC,MAAM;YA/Cb,MAAM,CAgDL,OAAO,CAAC,EAAE;YAhDX,MAAM,CAiDL,eAAe,CAAC,KAAK,CAAC,KAAK;YAjD5B,MAAM,CAkDL,YAAY,CAAC,EAAE;YAlDhB,MAAM,CAmDL,MAAM,CAAC,EAAE,MAAM,EAAE,EAAE,EAAE;;;YAlDpB,IAAI,QAAC,QAAQ;;YAAb,IAAI,CACD,QAAQ,CAAC,EAAE;YADd,IAAI,CAED,UAAU,CAAC,UAAU,CAAC,IAAI;YAF7B,IAAI,CAGD,SAAS,CAAC,SAAS,CAAC,kBAAkB;YAHzC,IAAI,CAID,KAAK,CAAC,MAAM;YAJf,IAAI,CAKD,MAAM,CAAC,EAAE,MAAM,EAAE,EAAE,EAAE;;QALxB,IAAI;;YAOJ,GAAG;;YAAH,GAAG,CAaF,KAAK,CAAC,MAAM;YAbb,GAAG,CAcF,OAAO,CAAC,EAAE,GAAG,EAAE,EAAE,EAAE,MAAM,EAAE,EAAE,EAAE;YAdhC,GAAG,CAeF,cAAc,CAAC,SAAS,CAAC,YAAY;;;YAdpC,IAAI,QAAC,OAAO;;YAAZ,IAAI,CACD,QAAQ,CAAC,EAAE;YADd,IAAI,CAED,SAAS,CAAC,SAAS,CAAC,kBAAkB;;QAFzC,IAAI;;YAIJ,KAAK;;;QAAL,KAAK;;YAEL,MAAM,QAAC,EAAE,IAAI,EAAE,UAAU,CAAC,MAAM,EAAE,IAAI,EAAE,IAAI,CAAC,UAAU,CAAC,iBAAiB,EAAE;;YAA3E,MAAM,CACH,QAAQ,CAAC,CAAC,IAAI,EAAE,OAAO,EAAE,EAAE;gBAC1B,IAAI,CAAC,UAAU,CAAC,iBAAiB,GAAG,IAAI,CAAC;gBACzC,IAAI,CAAC,UAAU,GAAG,IAAI,CAAC;YACzB,CAAC;;QAJH,MAAM;QAPR,GAAG;;YAiBH,OAAO;;YAAP,OAAO,CACJ,KAAK,CAAC,MAAM;YADf,OAAO,CAEJ,MAAM,CAAC,CAAC;YAFX,OAAO,CAGJ,eAAe,CAAC,SAAS;;;YAE5B,GAAG;;YAAH,GAAG,CAaF,KAAK,CAAC,MAAM;YAbb,GAAG,CAcF,OAAO,CAAC,EAAE,GAAG,EAAE,EAAE,EAAE,MAAM,EAAE,EAAE,EAAE;YAdhC,GAAG,CAeF,cAAc,CAAC,SAAS,CAAC,YAAY;;;YAdpC,IAAI,QAAC,MAAM;;YAAX,IAAI,CACD,QAAQ,CAAC,EAAE;YADd,IAAI,CAED,SAAS,CAAC,SAAS,CAAC,kBAAkB;;QAFzC,IAAI;;YAIJ,KAAK;;;QAAL,KAAK;;YAEL,MAAM,QAAC,EAAE,IAAI,EAAE,UAAU,CAAC,MAAM,EAAE,IAAI,EAAE,IAAI,CAAC,UAAU,CAAC,QAAQ,EAAE;;YAAlE,MAAM,CACH,QAAQ,CAAC,CAAC,IAAI,EAAE,OAAO,EAAE,EAAE;gBAC1B,IAAI,CAAC,UAAU,CAAC,QAAQ,GAAG,IAAI,CAAC;gBAChC,IAAI,CAAC,UAAU,GAAG,IAAI,CAAC;YACzB,CAAC;;QAJH,MAAM;QAPR,GAAG;QA9BL,MAAM;QAnIR,MAAM;QADR,MAAM;;YAiMN,GAAG;;YAAH,GAAG,CAoCF,KAAK,CAAC,MAAM;YApCb,GAAG,CAqCF,cAAc,CAAC,SAAS,CAAC,YAAY;YArCtC,GAAG,CAsCF,OAAO,CAAC,EAAE,IAAI,EAAE,SAAS,CAAC,cAAc,EAAE,KAAK,EAAE,SAAS,CAAC,cAAc,EAAE,MAAM,EAAE,EAAE,EAAE;YAtCxF,GAAG,CAuCF,eAAe,CAAC,KAAK,CAAC,KAAK;;;YAtC1B,MAAM,iBAAC,IAAI;;YAAX,MAAM,CACH,KAAK,CAAC,KAAK;YADd,MAAM,CAEH,MAAM,CAAC,EAAE;YAFZ,MAAM,CAGH,eAAe;YAHlB,MAAM,CAIH,SAAS,CAAC,SAAS,CAAC,oBAAoB;YAJ3C,MAAM,CAKH,WAAW,CAAC,CAAC;YALhB,MAAM,CAMH,WAAW,CAAC,SAAS;YANxB,MAAM,CAOH,OAAO,CAAC,GAAG,EAAE;gBACZ,WAAW,CAAC,IAAI,CAAC;oBACf,KAAK,EAAE,MAAM;oBACb,OAAO,EAAE,iBAAiB;oBAC1B,aAAa,EAAE;wBACb,KAAK,EAAE,IAAI;wBACX,MAAM,EAAE,GAAG,EAAE,GAAE,CAAC;qBACjB;oBACD,eAAe,EAAE;wBACf,KAAK,EAAE,IAAI;wBACX,MAAM,EAAE,GAAG,EAAE;4BACX,IAAI,CAAC,UAAU,GAAG,IAAI,gBAAgB,EAAE,CAAC;4BACzC,IAAI,CAAC,UAAU,GAAG,IAAI,CAAC;wBACzB,CAAC;qBACF;iBACF,CAAC,CAAA;YACJ,CAAC;;QAvBH,MAAM;;YAyBN,MAAM,iBAAC,IAAI;;YAAX,MAAM,CACH,KAAK,CAAC,KAAK;YADd,MAAM,CAEH,MAAM,CAAC,EAAE;YAFZ,MAAM,CAGH,eAAe,CAAC,IAAI,CAAC,UAAU,CAAC,CAAC,CAAC,SAAS,CAAC,aAAa,CAAC,CAAC,CAAC,SAAS;YAHxE,MAAM,CAIH,SAAS,CAAC,KAAK,CAAC,KAAK;YAJxB,MAAM,CAKH,OAAO,CAAC,IAAI,CAAC,UAAU;YAL1B,MAAM,CAMH,OAAO,CAAC,GAAG,EAAE;gBACZ,IAAI,CAAC,cAAc,EAAE,CAAC;YACxB,CAAC;;QARH,MAAM;QA1BR,GAAG;QA7OL,MAAM;KAyRP;;;;;;;;AAGH,OAAO,EAAE,SAAS,EAAE,CAAC",
    "entry-package-info": "entry|1.0.0"
  },
  "entry|entry|1.0.0|src/main/ets/pages/ProductDetail.ts": {
    "version": 3,
    "file": "ProductDetail.ets",
    "sourceRoot": "",
    "sources": [
      "entry/src/main/ets/pages/ProductDetail.ets"
    ],
    "names": [],
    "mappings": ";;;;IAYS,OAAO,GAAE,YAAY,GAAG,IAAI;IAC5B,SAAS,GAAE,OAAO;;OAbpB,MAAM;OACN,EAAE,gBAAgB,EAAgB;cAAd,YAAY;OAChC,EAAE,SAAS,EAAE;AAGpB,UAAU,WAAW;IACnB,SAAS,EAAE,MAAM,CAAC;CACnB;MAIM,aAAa;IAFpB;;;;;sDAGwC,IAAI;wDACd,IAAI;;;KANjC;;;;;;;;;;;;;;;;;;;;;IAKC,4CAAgB,YAAY,GAAG,IAAI,EAAQ;QAApC,OAAO;;;QAAP,OAAO,WAAE,YAAY,GAAG,IAAI;;;IACnC,8CAAkB,OAAO,EAAQ;QAA1B,SAAS;;;QAAT,SAAS,WAAE,OAAO;;;IAEzB,KAAK,CAAC,aAAa;QACjB,IAAI;YACF,IAAI,CAAC,SAAS,GAAG,IAAI,CAAC;YACtB,MAAM,MAAM,GAAG,MAAM,CAAC,SAAS,EAAE,IAAI,WAAW,GAAG,SAAS,CAAC;YAE7D,IAAI,CAAC,MAAM,EAAE,SAAS,EAAE;gBACtB,OAAO,CAAC,KAAK,CAAC,SAAS,CAAC,CAAC;gBACzB,OAAO;aACR;YAED,OAAO,CAAC,GAAG,CAAC,qBAAqB,EAAE,MAAM,CAAC,SAAS,CAAC,CAAC;YACrD,MAAM,WAAW,GAAG,MAAM,gBAAgB,CAAC,WAAW,EAAE,CAAC,cAAc,CAAC,MAAM,CAAC,SAAS,CAAC,CAAC;YAE1F,IAAI,CAAC,WAAW,EAAE;gBAChB,OAAO,CAAC,KAAK,CAAC,SAAS,CAAC,CAAC;gBACzB,OAAO;aACR;YAED,IAAI,CAAC,OAAO,GAAG,WAAW,CAAC;SAC5B;QAAC,OAAO,KAAK,EAAE;YACd,OAAO,CAAC,KAAK,CAAC,OAAO,EAAE,KAAK,CAAC,CAAC;SAC/B;gBAAS;YACR,IAAI,CAAC,SAAS,GAAG,KAAK,CAAC;SACxB;IACH,CAAC;IAED;;YACE,MAAM;;YAAN,MAAM,CAkKL,KAAK,CAAC,MAAM;YAlKb,MAAM,CAmKL,MAAM,CAAC,MAAM;YAnKd,MAAM,CAoKL,eAAe,CAAC,SAAS,CAAC,gBAAgB;;;YAnKzC,QAAQ;YACR,GAAG;;YADH,QAAQ;YACR,GAAG,CAsCF,KAAK,CAAC,MAAM;YAvCb,QAAQ;YACR,GAAG,CAuCF,MAAM,CAAC,EAAE;YAxCV,QAAQ;YACR,GAAG,CAwCF,OAAO,CAAC,EAAE,IAAI,EAAE,SAAS,CAAC,cAAc,EAAE,KAAK,EAAE,SAAS,CAAC,cAAc,EAAE;;;YAvC1E,OAAO;YACP,MAAM;;YADN,OAAO;YACP,MAAM,CAKL,IAAI,CAAC,UAAU,CAAC,MAAM;YANvB,OAAO;YACP,MAAM,CAML,eAAe,CAAC,SAAS,CAAC,gBAAgB;YAP3C,OAAO;YACP,MAAM,CAOL,KAAK,CAAC,EAAE;YART,OAAO;YACP,MAAM,CAQL,MAAM,CAAC,EAAE;YATV,OAAO;YACP,MAAM,CASL,OAAO,CAAC,GAAG,EAAE,CAAC,MAAM,CAAC,IAAI,EAAE;;;YAR1B,KAAK;;YAAL,KAAK,CACF,KAAK,CAAC,EAAE;YADX,KAAK,CAEF,MAAM,CAAC,EAAE;;QAJd,OAAO;QACP,MAAM;;YAWN,KAAK;;;QAAL,KAAK;;YAEL,QAAQ;YACR,IAAI,QAAC,IAAI,CAAC,OAAO,EAAE,IAAI,IAAI,MAAM;;YADjC,QAAQ;YACR,IAAI,CACD,QAAQ,CAAC,EAAE;YAFd,QAAQ;YACR,IAAI,CAED,UAAU,CAAC,UAAU,CAAC,IAAI;YAH7B,QAAQ;YACR,IAAI,CAGD,SAAS,CAAC,SAAS,CAAC,kBAAkB;;QAJzC,QAAQ;QACR,IAAI;;YAKJ,KAAK;;;QAAL,KAAK;;YAEL,OAAO;YACP,MAAM;;YADN,OAAO;YACP,MAAM,CAKL,IAAI,CAAC,UAAU,CAAC,MAAM;YANvB,OAAO;YACP,MAAM,CAML,eAAe,CAAC,KAAK,CAAC,KAAK;YAP5B,OAAO;YACP,MAAM,CAOL,KAAK,CAAC,EAAE;YART,OAAO;YACP,MAAM,CAQL,MAAM,CAAC,EAAE;YATV,OAAO;YACP,MAAM,CASL,OAAO,CAAC,GAAG,EAAE;gBACZ,OAAO,CAAC,GAAG,CAAC,cAAc,CAAC,CAAC;gBAC5B,MAAM,CAAC,OAAO,CAAC,EAAE,GAAG,EAAE,oBAAoB,EAAE,CAAC,CAAC;YAEhD,CAAC;;;YAZC,KAAK;;YAAL,KAAK,CACF,KAAK,CAAC,EAAE;YADX,KAAK,CAEF,MAAM,CAAC,EAAE;;QAJd,OAAO;QACP,MAAM;QAzBR,QAAQ;QACR,GAAG;;;YA0CH,OAAO;YACP,IAAI,IAAI,CAAC,SAAS,EAAE;;;wBAClB,MAAM;;wBAAN,MAAM,CAKL,KAAK,CAAC,MAAM;wBALb,MAAM,CAML,YAAY,CAAC,CAAC;wBANf,MAAM,CAOL,cAAc,CAAC,SAAS,CAAC,MAAM;;;wBAN9B,IAAI,QAAC,QAAQ;;wBAAb,IAAI,CACD,QAAQ,CAAC,EAAE;wBADd,IAAI,CAED,SAAS,CAAC,SAAS,CAAC,oBAAoB;;oBAF3C,IAAI;oBADN,MAAM;;aAQP;iBAAM,IAAI,IAAI,CAAC,OAAO,EAAE;;;wBACvB,MAAM;;wBAAN,MAAM,CAwEL,SAAS,CAAC,QAAQ,CAAC,GAAG;wBAxEvB,MAAM,CAyEL,UAAU,CAAC,UAAU,CAAC,MAAM;wBAzE7B,MAAM,CA0EL,YAAY,CAAC,CAAC;;;wBAzEb,MAAM;;wBAAN,MAAM,CAoEL,KAAK,CAAC,MAAM;wBApEb,MAAM,CAqEL,OAAO,CAAC,EAAE,MAAM,EAAE,EAAE,EAAE;;;wBApErB,OAAO;wBACP,KAAK,QAAC,IAAI,CAAC,OAAO,CAAC,KAAK;;wBADxB,OAAO;wBACP,KAAK,CACF,KAAK,CAAC,MAAM;wBAFf,OAAO;wBACP,KAAK,CAEF,MAAM,CAAC,GAAG;wBAHb,OAAO;wBACP,KAAK,CAGF,SAAS,CAAC,QAAQ,CAAC,KAAK;wBAJ3B,OAAO;wBACP,KAAK,CAIF,YAAY,CAAC,EAAE,UAAU,EAAE,EAAE,EAAE,WAAW,EAAE,EAAE,EAAE;;;wBAEnD,UAAU;wBACV,GAAG;;wBADH,UAAU;wBACV,GAAG,CAaF,KAAK,CAAC,MAAM;wBAdb,UAAU;wBACV,GAAG,CAcF,OAAO,CAAC,EAAE,IAAI,EAAE,SAAS,CAAC,cAAc,EAAE,KAAK,EAAE,SAAS,CAAC,cAAc,EAAE,GAAG,EAAE,EAAE,EAAE,MAAM,EAAE,CAAC,EAAE;;;wBAb9F,IAAI,QAAC,IAAI,CAAC,OAAO,CAAC,IAAI;;wBAAtB,IAAI,CACD,QAAQ,CAAC,EAAE;wBADd,IAAI,CAED,UAAU,CAAC,UAAU,CAAC,IAAI;wBAF7B,IAAI,CAGD,SAAS,CAAC,SAAS,CAAC,kBAAkB;;oBAHzC,IAAI;;wBAKJ,KAAK;;;oBAAL,KAAK;;wBAEL,IAAI,QAAC,GAAG,GAAG,IAAI,CAAC,OAAO,CAAC,KAAK;;wBAA7B,IAAI,CACD,QAAQ,CAAC,EAAE;wBADd,IAAI,CAED,UAAU,CAAC,UAAU,CAAC,IAAI;wBAF7B,IAAI,CAGD,SAAS,CAAC,SAAS,CAAC,aAAa;;oBAHpC,IAAI;oBATN,UAAU;oBACV,GAAG;;wBAgBH,KAAK;wBACL,IAAI,QAAC,IAAI,CAAC,OAAO,CAAC,WAAW;;wBAD7B,KAAK;wBACL,IAAI,CACD,QAAQ,CAAC,EAAE;wBAFd,KAAK;wBACL,IAAI,CAED,SAAS,CAAC,SAAS,CAAC,oBAAoB;wBAH3C,KAAK;wBACL,IAAI,CAGD,MAAM,CAAC,EAAE,MAAM,EAAE,EAAE,EAAE;wBAJxB,KAAK;wBACL,IAAI,CAID,OAAO,CAAC,EAAE,IAAI,EAAE,SAAS,CAAC,cAAc,EAAE,KAAK,EAAE,SAAS,CAAC,cAAc,EAAE;;oBAL9E,KAAK;oBACL,IAAI;;wBAMJ,OAAO;wBACP,MAAM;;wBADN,OAAO;wBACP,MAAM,CA6BL,KAAK,CAAC,MAAM;wBA9Bb,OAAO;wBACP,MAAM,CA8BL,OAAO,CAAC,EAAE,IAAI,EAAE,SAAS,CAAC,cAAc,EAAE,KAAK,EAAE,SAAS,CAAC,cAAc,EAAE,GAAG,EAAE,EAAE,EAAE,MAAM,EAAE,EAAE,EAAE;wBA/BjG,OAAO;wBACP,MAAM,CA+BL,eAAe,CAAC,KAAK,CAAC,KAAK;wBAhC5B,OAAO;wBACP,MAAM,CAgCL,YAAY,CAAC,EAAE;wBAjChB,OAAO;wBACP,MAAM,CAiCL,MAAM,CAAC,EAAE,IAAI,EAAE,SAAS,CAAC,cAAc,EAAE,KAAK,EAAE,SAAS,CAAC,cAAc,EAAE;;;wBAhCzE,IAAI,QAAC,MAAM;;wBAAX,IAAI,CACD,QAAQ,CAAC,EAAE;wBADd,IAAI,CAED,UAAU,CAAC,UAAU,CAAC,IAAI;wBAF7B,IAAI,CAGD,SAAS,CAAC,SAAS,CAAC,kBAAkB;wBAHzC,IAAI,CAID,KAAK,CAAC,MAAM;wBAJf,IAAI,CAKD,MAAM,CAAC,EAAE,MAAM,EAAE,EAAE,EAAE;;oBALxB,IAAI;;wBAOJ,IAAI;;wBAAJ,IAAI,CAkBH,KAAK,CAAC,MAAM;wBAlBb,IAAI,CAmBH,MAAM,CAAC,GAAG;;;wBAlBT,OAAO;;;;;;;;wCACL,QAAQ;;;;;;;;;;;wCACN,GAAG;;wCAAH,GAAG,CASF,UAAU,CAAC,aAAa,CAAC,MAAM;wCAThC,GAAG,CAUF,KAAK,CAAC,MAAM;wCAVb,GAAG,CAWF,OAAO,CAAC,EAAE,GAAG,EAAE,CAAC,EAAE,MAAM,EAAE,CAAC,EAAE;;;wCAV5B,KAAK;;wCAAL,KAAK,CACF,KAAK,CAAC,EAAE;wCADX,KAAK,CAEF,MAAM,CAAC,EAAE;wCAFZ,KAAK,CAGF,MAAM,CAAC,EAAE,KAAK,EAAE,CAAC,EAAE;;;wCACtB,IAAI,QAAC,IAAI;;wCAAT,IAAI,CACD,QAAQ,CAAC,EAAE;wCADd,IAAI,CAED,SAAS,CAAC,SAAS,CAAC,oBAAoB;;oCAF3C,IAAI;oCALN,GAAG;oCADL,QAAQ;;;gCAAR,QAAQ;;;2DADF,IAAI,CAAC,OAAO,CAAC,cAAc;;oBAAnC,OAAO;oBADT,IAAI;oBATN,OAAO;oBACP,MAAM;oBAjCR,MAAM;oBADR,MAAM;;aA2EP;iBAAM;;;wBACL,MAAM;;wBAAN,MAAM,CAKL,KAAK,CAAC,MAAM;wBALb,MAAM,CAML,YAAY,CAAC,CAAC;wBANf,MAAM,CAOL,cAAc,CAAC,SAAS,CAAC,MAAM;;;wBAN9B,IAAI,QAAC,YAAY;;wBAAjB,IAAI,CACD,QAAQ,CAAC,EAAE;wBADd,IAAI,CAED,SAAS,CAAC,SAAS,CAAC,oBAAoB;;oBAF3C,IAAI;oBADN,MAAM;;aAQP;;;;YAED,QAAQ;YACR,GAAG;;YADH,QAAQ;YACR,GAAG,CAeF,KAAK,CAAC,MAAM;YAhBb,QAAQ;YACR,GAAG,CAgBF,cAAc,CAAC,SAAS,CAAC,YAAY;YAjBtC,QAAQ;YACR,GAAG,CAiBF,OAAO,CAAC,EAAE,IAAI,EAAE,SAAS,CAAC,cAAc,EAAE,KAAK,EAAE,SAAS,CAAC,cAAc,EAAE,GAAG,EAAE,CAAC,EAAE,MAAM,EAAE,EAAE,EAAE;YAlBhG,QAAQ;YACR,GAAG,CAkBF,eAAe,CAAC,KAAK,CAAC,KAAK;;;YAjB1B,MAAM,iBAAC,OAAO;;YAAd,MAAM,CACH,KAAK,CAAC,KAAK;YADd,MAAM,CAEH,MAAM,CAAC,EAAE;YAFZ,MAAM,CAGH,eAAe;YAHlB,MAAM,CAIH,SAAS,CAAC,SAAS,CAAC,aAAa;YAJpC,MAAM,CAKH,WAAW,CAAC,CAAC;YALhB,MAAM,CAMH,WAAW,CAAC,SAAS,CAAC,aAAa;;QANtC,MAAM;;YAQN,MAAM,iBAAC,MAAM;;YAAb,MAAM,CACH,KAAK,CAAC,KAAK;YADd,MAAM,CAEH,MAAM,CAAC,EAAE;YAFZ,MAAM,CAGH,eAAe,CAAC,SAAS,CAAC,aAAa;YAH1C,MAAM,CAIH,SAAS,CAAC,KAAK,CAAC,KAAK;;QAJxB,MAAM;QAVR,QAAQ;QACR,GAAG;QA9IL,MAAM;KAqKP;;;;;;;;AAGH,OAAO,EAAE,SAAS,EAAE,CAAC",
    "entry-package-info": "entry|1.0.0"
  },
  "entry|entry|1.0.0|src/main/ets/pages/WebViewPage.ts": {
    "version": 3,
    "file": "WebViewPage.ets",
    "sourceRoot": "",
    "sources": [
      "entry/src/main/ets/pages/WebViewPage.ets"
    ],
    "names": [],
    "mappings": ";;;;IASU,iBAAiB,GAAE,OAAO,CAAC,iBAAiB;IAE7C,GAAG,GAAE,MAAM;;;OAVb,MAAM;AAEb,UAAU,WAAW;IACnB,GAAG,CAAC,EAAE,MAAM,CAAC;CACd;MAGO,WAAW;IAFnB;;;;;iCAGyD,IAAI,OAAO,CAAC,iBAAiB,EAAE;kDAEjE,EAAE;;;KANxB;;;;;;;;;;;;;;;;;;;IAIC,OAAO,oBAAoB,OAAO,CAAC,iBAAiB,CAAmC;IAEvF,wCAAY,MAAM,EAAM;QAAjB,GAAG;;;QAAH,GAAG,WAAE,MAAM;;;IAElB,aAAa;QACX,MAAM,MAAM,GAAG,MAAM,CAAC,SAAS,EAAE,IAAI,WAAW,GAAG,SAAS,CAAC;QAC7D,IAAI,CAAC,GAAG,GAAG,MAAM,EAAE,GAAG,IAAI,wBAAwB,CAAC;IACrD,CAAC;IAED;;YACE,MAAM;;;;YACJ,GAAG,QAAC,EAAE,GAAG,EAAE,IAAI,CAAC,GAAG,EAAE,UAAU,EAAE,IAAI,CAAC,iBAAiB,EAAE;;YAAzD,GAAG,CACA,gBAAgB,CAAC,IAAI;YADxB,GAAG,CAEA,KAAK,CAAC,MAAM;YAFf,GAAG,CAGA,MAAM,CAAC,MAAM;;QAJlB,MAAM;KAMP;;;;;;;;AAEH,eAAe,WAAW,CAAC",
    "entry-package-info": "entry|1.0.0"
  },
  "entry|entry|1.0.0|src/main/ets/pages/MiniGamePage.ts": {
    "version": 3,
    "file": "MiniGamePage.ets",
    "sourceRoot": "",
    "sources": [
      "entry/src/main/ets/pages/MiniGamePage.ets"
    ],
    "names": [],
    "mappings": ";;;;IAOS,OAAO,GAAE,OAAO;IAChB,MAAM,GAAE,MAAM;IACd,SAAS,GAAE,MAAM;IACjB,KAAK,GAAE,MAAM;IACZ,KAAK,GAAE,MAAM;;OAXhB,MAAM;OACN,EAAE,UAAU,EAAE;MAKd,YAAY;IAHnB;;;;;sDAI4B,KAAK;qDACP,GAAG;wDACA,GAAG;oDACP,CAAC;qBACA,CAAC;;;KAVc;;;;;;;;;;;;;;;;;;;;;;;;;;;;;;;;;;IAMvC,4CAAgB,OAAO,EAAQ;QAAxB,OAAO;;;QAAP,OAAO,WAAE,OAAO;;;IACvB,2CAAe,MAAM,EAAM;QAApB,MAAM;;;QAAN,MAAM,WAAE,MAAM;;;IACrB,8CAAkB,MAAM,EAAM;QAAvB,SAAS;;;QAAT,SAAS,WAAE,MAAM;;;IACxB,0CAAc,MAAM,EAAI;QAAjB,KAAK;;;QAAL,KAAK,WAAE,MAAM;;;IACpB,OAAO,QAAQ,MAAM,CAAI;IAEzB;;YACE,MAAM,QAAC,EAAE,KAAK,EAAE,EAAE,EAAE;;YAApB,MAAM,CAkDL,OAAO,CAAC,EAAE;;;YAjDT,IAAI,QAAC,cAAc;;YAAnB,IAAI,CACD,QAAQ,CAAC,UAAU,CAAC,QAAQ,CAAC,KAAK;YADrC,IAAI,CAED,UAAU,CAAC,UAAU,CAAC,IAAI;YAF7B,IAAI,CAGD,OAAO,CAAC,UAAU,CAAC,OAAO,CAAC,YAAY;YAH1C,IAAI,CAID,SAAS,CAAC,SAAS,CAAC,MAAM;YAJ7B,IAAI,CAKD,SAAS,CAAC,UAAU,CAAC,KAAK,CAAC,KAAK;;QALnC,IAAI;;;YAQJ,IAAI,CAAC,IAAI,CAAC,OAAO,EAAE;;;wBACjB,MAAM,iBAAC,SAAS;;wBAAhB,MAAM,CACH,QAAQ,CAAC,UAAU,CAAC,QAAQ,CAAC,MAAM;wBADtC,MAAM,CAEH,SAAS,CAAC,UAAU,CAAC,KAAK,CAAC,UAAU;wBAFxC,MAAM,CAGH,eAAe,CAAC,UAAU,CAAC,KAAK,CAAC,MAAM;wBAH1C,MAAM,CAIH,YAAY,CAAC,UAAU,CAAC,MAAM,CAAC,MAAM;wBAJxC,MAAM,CAKH,MAAM,CAAC,UAAU,CAAC,OAAO,CAAC,YAAY;wBALzC,MAAM,CAMH,KAAK,CAAC,KAAK;wBANd,MAAM,CAOH,MAAM,CAAC,EAAE;wBAPZ,MAAM,CAQH,OAAO,CAAC,GAAG,EAAE,CAAC,IAAI,CAAC,SAAS,EAAE;;oBARjC,MAAM;;aASP;;;;aAAA;;;;;YAED,IAAI,IAAI,CAAC,OAAO,EAAE;;;wBAChB,MAAM;;;;wBACJ,KAAK;;wBAAL,KAAK,CAkBJ,IAAI,CAAC,IAAI;wBAlBV,KAAK,CAmBJ,MAAM,CAAC,EAAE,MAAM,EAAE,CAAC,EAAE;;;wBAlBnB,IAAI;;wBAAJ,IAAI,CACD,KAAK,CAAC,MAAM;wBADf,IAAI,CAED,MAAM,CAAC,GAAG;wBAFb,IAAI,CAGD,eAAe,CAAC,WAAW;wBAH9B,IAAI,CAID,OAAO,CAAC,GAAG,EAAE,CAAC,IAAI,CAAC,IAAI,EAAE;;;wBAE5B,KAAK;;wBAAL,KAAK,CACF,KAAK,CAAC,EAAE;wBADX,KAAK,CAEF,MAAM,CAAC,EAAE;wBAFZ,KAAK,CAGF,QAAQ,CAAC,EAAE,CAAC,EAAE,EAAE,EAAE,CAAC,EAAE,IAAI,CAAC,MAAM,EAAE;;;wBAErC,IAAI;;wBAAJ,IAAI,CACD,KAAK,CAAC,EAAE;wBADX,IAAI,CAED,MAAM,CAAC,GAAG;wBAFb,IAAI,CAGD,QAAQ,CAAC,EAAE,CAAC,EAAE,IAAI,CAAC,SAAS,EAAE,CAAC,EAAE,GAAG,EAAE;wBAHzC,IAAI,CAID,eAAe,CAAC,KAAK,CAAC,GAAG;;oBAhB9B,KAAK;;wBAqBL,IAAI,QAAC,QAAQ,IAAI,CAAC,KAAK,EAAE;;wBAAzB,IAAI,CACD,QAAQ,CAAC,EAAE;wBADd,IAAI,CAED,MAAM,CAAC,EAAE,GAAG,EAAE,EAAE,EAAE;;oBAFrB,IAAI;oBAtBN,MAAM;;aA0BP;;;;aAAA;;;QAhDH,MAAM;KAmDP;IAED,SAAS;QACP,IAAI,CAAC,OAAO,GAAG,IAAI,CAAA;QACnB,IAAI,CAAC,MAAM,GAAG,GAAG,CAAA;QACjB,IAAI,CAAC,SAAS,GAAG,GAAG,CAAA;QACpB,IAAI,CAAC,KAAK,GAAG,CAAC,CAAA;QAEd,IAAI,CAAC,KAAK,GAAG,WAAW,CAAC,GAAG,EAAE;YAC5B,IAAI,CAAC,MAAM,IAAI,CAAC,CAAA;YAChB,IAAI,CAAC,SAAS,IAAI,CAAC,CAAA;YAEnB,IAAI,IAAI,CAAC,SAAS,GAAG,CAAC,EAAE,EAAE;gBACxB,IAAI,CAAC,SAAS,GAAG,GAAG,CAAA;gBACpB,IAAI,CAAC,KAAK,IAAI,CAAC,CAAA;aAChB;YAED,OAAO;YACP,IAAI,IAAI,CAAC,MAAM,GAAG,GAAG,IAAI,IAAI,CAAC,MAAM,GAAG,CAAC,EAAE;gBACxC,IAAI,CAAC,QAAQ,EAAE,CAAA;aAChB;YAED,IAAI,IAAI,CAAC,SAAS,GAAG,GAAG,IAAI,IAAI,CAAC,SAAS,GAAG,EAAE,IAAI,IAAI,CAAC,MAAM,GAAG,GAAG,EAAE;gBACpE,IAAI,CAAC,QAAQ,EAAE,CAAA;aAChB;QACH,CAAC,EAAE,EAAE,CAAC,CAAA;IACR,CAAC;IAED,IAAI;QACF,IAAI,CAAC,MAAM,IAAI,EAAE,CAAA;IACnB,CAAC;IAED,QAAQ;QACN,aAAa,CAAC,IAAI,CAAC,KAAK,CAAC,CAAA;QACzB,IAAI,CAAC,OAAO,GAAG,KAAK,CAAA;QAEpB,WAAW,CAAC,IAAI,CAAC;YACf,KAAK,EAAE,SAAS;YAChB,OAAO,EAAE,SAAS,IAAI,CAAC,KAAK,EAAE;YAC9B,aAAa,EAAE;gBACb,KAAK,EAAE,MAAM;gBACb,MAAM,EAAE,GAAG,EAAE,CAAC,IAAI,CAAC,SAAS,EAAE;aAC/B;YACD,eAAe,EAAE;gBACf,KAAK,EAAE,MAAM;gBACb,MAAM,EAAE,GAAG,EAAE,CAAC,MAAM,CAAC,IAAI,EAAE;aAC5B;SACF,CAAC,CAAA;IACJ,CAAC",
    "entry-package-info": "entry|1.0.0"
  },
  "entry|entry|1.0.0|src/main/ets/pages/GameStyles.ts": {
    "version": 3,
    "file": "GameStyles.ets",
    "sourceRoot": "",
    "sources": [
      "entry/src/main/ets/pages/GameStyles.ets"
    ],
    "names": [],
    "mappings": "AAAA,UAAU,iCAAiC;IACzC,KAAK,EAAE,MAAM,CAAC;IACd,MAAM,EAAE,MAAM,CAAC;IACf,KAAK,EAAE,MAAM,CAAC;CACf;AAED,UAAU,iCAAiC;IACzC,UAAU,EAAE,MAAM,CAAC;IACnB,KAAK,EAAE,MAAM,CAAC;IACd,MAAM,EAAE,MAAM,CAAC;IACf,UAAU,EAAE,MAAM,CAAC;IACnB,KAAK,EAAE,MAAM,CAAC;CACf;AAED,UAAU,iCAAiC;IACzC,YAAY,EAAE,MAAM,CAAC;IACrB,YAAY,EAAE,MAAM,CAAC;IACrB,YAAY,EAAE,MAAM,CAAC;CACtB;AAED,UAAU,iCAAiC;IACzC,MAAM,EAAE,MAAM,CAAC;IACf,QAAQ,EAAE,MAAM,CAAC;CAClB;AAED,UAAU,iCAAiC;IACzC,KAAK,EAAE,MAAM,CAAC;IACd,MAAM,EAAE,MAAM,CAAC;CAChB;AAED,UAAU,iCAAiC;IACzC,KAAK,EAAE,MAAM,CAAC;IACd,QAAQ,EAAE,iCAAiC,CAAC;CAC7C;AAED,UAAU,iCAAiC;IACzC,QAAQ,EAAE,iCAAiC,CAAC;IAC5C,KAAK,EAAE,iCAAiC,CAAC;IACzC,OAAO,EAAE,iCAAiC,CAAC;IAC3C,MAAM,EAAE,iCAAiC,CAAC;IAC1C,IAAI,EAAE,iCAAiC,CAAC;CACzC;AAED,MAAM,CAAC,MAAM,UAAU,EAAE,iCAAiC,GAAG;IAC3D,QAAQ,EAAE,CAAC;QACT,KAAK,EAAE,EAAE;QACT,MAAM,EAAE,EAAE;QACV,KAAK,EAAE,EAAE;KACV,IAAI,iCAAiC,CAAC;IACvC,KAAK,EAAE,CAAC;QACN,UAAU,EAAE,SAAS;QACrB,KAAK,EAAE,SAAS;QAChB,MAAM,EAAE,SAAS;QACjB,UAAU,EAAE,SAAS;QACrB,KAAK,EAAE,SAAS;KACjB,IAAI,iCAAiC,CAAC;IACvC,OAAO,EAAE,CAAC;QACR,YAAY,EAAE,EAAE;QAChB,YAAY,EAAE,EAAE;QAChB,YAAY,EAAE,EAAE;KACjB,IAAI,iCAAiC,CAAC;IACvC,MAAM,EAAE,CAAC;QACP,MAAM,EAAE,EAAE;QACV,QAAQ,EAAE,EAAE;KACb,IAAI,iCAAiC,CAAC;IACvC,IAAI,EAAE,CAAC;QACL,KAAK,EAAE,EAAE;QACT,QAAQ,EAAE,CAAC;YACT,KAAK,EAAE,EAAE;YACT,MAAM,EAAE,GAAG;SACZ,IAAI,iCAAiC,CAAC;KACxC,IAAI,iCAAiC,CAAC;CACxC,CAAC",
    "entry-package-info": "entry|1.0.0"
  }
}