{
  "HVIGOR_OHOS_PLUGIN": {
    "MODULES": [
      {
        "MODULE_NAME": "1043bfc77febe75fafec0c4309faccf1",
        "API_TYPE": "stageMode",
        "INCREMENTAL_TASKS": {
          "COMPILE_ARKTS": true
        }
      },
      {
        "MODULE_NAME": "d56b699830e77ba53855679cb1d252da",
        "API_TYPE": "stageMode"
      },
      {
        "MODULE_NAME": "f5d7e2532cc9ad16bc2a41222d76f269",
        "API_TYPE": "stageMode"
      }
    ],
    "BUILD_MODE": "debug",
    "USE_NORMALIZED_OHMURL": true
  },
  "HVIGOR": {
    "IS_INCREMENTAL": true,
    "IS_DAEMON": true,
    "IS_PARALLEL": true,
    "IS_HVIGORFILE_TYPE_CHECK": false,
    "TASK_TIME": {
      "1043bfc77febe75fafec0c4309faccf1": {
        "PreCheckSyscap": 464300,
        "ProcessIntegratedHsp": 2975100,
        "SyscapTransform": 2988300,
        "ConfigureCmake": 433000,
        "BuildNativeWithCmake": 808500,
        "BuildNativeWithNinja": 1962900,
        "BuildJS": 7745800,
        "CompileArkTS": 2019800800,
        "PackageHap": 932874500,
        "SignHap": 2022900,
        "CollectDebugSymbol": 6609000,
        "assembleHap": 426500
      },
      "d56b699830e77ba53855679cb1d252da": {
        "ConfigureCmake": 625200,
        "BuildNativeWithCmake": 502400,
        "BuildNativeWithNinja": 1878000
      },
      "f5d7e2532cc9ad16bc2a41222d76f269": {
        "ConfigureCmake": 370800,
        "BuildNativeWithCmake": 485300,
        "BuildNativeWithNinja": 2205400
      }
    },
    "TOTAL_TIME": 3958012700,
    "BUILD_ID": "202506162337238910"
  }
}