{
  "string": [
    {
      "name": "settings",
      "value": "settings"
    },
    {
      "name": "EntryAbility_desc",
      "value": "Drone Store and Parameter Settings Application"
    },
    {
      "name": "EntryAbility_label",
      "value": "Drone Store"
    },
    {
      "name": "app_name",
      "value": "Drone Store"
    },
    {
      "name": "login_title",
      "value": "Drone Store Login"
    },
    {
      "name": "username",
      "value": "Username"
    },
    {
      "name": "password",
      "value": "Password"
    },
    {
      "name": "show_password",
      "value": "Show Password"
    },
    {
      "name": "login",
      "value": "Login"
    },
    {
      "name": "forgot_password",
      "value": "Forgot Password"
    },
    {
      "name": "login_success",
      "value": "Login Successful"
    },
    {
      "name": "login_failed",
      "value": "Login Failed"
    },
    {
      "name": "username_empty",
      "value": "Username cannot be empty"
    },
    {
      "name": "password_too_short",
      "value": "Password must be at least 8 characters"
    }
  ]
}