{"APP_RESOURCES":"D:\\devecostudio-windows-5.0.3.404\\Drone_StoreV4\\AppScope\\resources","MODULE_RESOURCES":"{\"D:\\\\devecostudio-windows-5.0.3.404\\\\Drone_StoreV4\\\\entry\\\\src\\\\main\\\\resources\":\"module_compiled\"}","HAR_RESOURCES":"{\"D:\\\\devecostudio-windows-5.0.3.404\\\\Drone_StoreV4\\\\login\\\\src\\\\main\\\\resources\":\"har_compiled\",\"D:\\\\devecostudio-windows-5.0.3.404\\\\Drone_StoreV4\\\\business\\\\src\\\\main\\\\resources\":\"har_compiled1\"}","PREVIEW_GENERATE_SOURCE_DIR":"D:\\devecostudio-windows-5.0.3.404\\Drone_StoreV4\\entry\\.preview\\default\\generated\\r\\default","PREVIEW_COMPILE_MODULE_NAMES":"entry,login,business"}
