{
  "string": [
    {
      "name": "module_desc",
      "value": "无人机商店及参数设置应用模块"
    },
    {
      "name": "EntryAbility_desc",
      "value": "无人机商店及参数设置应用"
    },
    {
      "name": "EntryAbility_label",
      "value": "无人机商店"
    },
    {
      "name": "app_name",
      "value": "无人机商店"
    },
    {
      "name": "login_title",
      "value": "无人机商店登录"
    },
    {
      "name": "username",
      "value": "账户"
    },
    {
      "name": "password",
      "value": "密码"
    },
    {
      "name": "show_password",
      "value": "显示密码"
    },
    {
      "name": "login",
      "value": "登录"
    },
    {
      "name": "forgot_password",
      "value": "忘记密码"
    },
    {
      "name": "login_success",
      "value": "登录成功"
    },
    {
      "name": "login_failed",
      "value": "登录失败"
    },
    {
      "name": "username_empty",
      "value": "账户不能为空"
    },
    {
      "name": "password_too_short",
      "value": "密码长度不足8位"
    }
  ]
}