{
  "login|login|1.0.0|src/main/ets/components/Login.js": {
    "version": 3,
    "file": "Login.ets",
    "sources": [
      "login/src/main/ets/components/Login.ets"
    ],
    "names": [],
    "mappings": ";;;;;;AAGA;;;;;;;;;;;AADiD;;;;;;;;;;;;;;;;;;;;;;;;;;;;;;;;;;;;;;;;;;;;;;;;;;;;;;;AAU/C;;;;;;;AACE;;;;;;AAEE;;;;;AAKA;;;;AAAA;AAAA;AAKI;;;AALJ;;;AAWA;;;;AAAA;AAAA;AAKI;;;AALJ;;;;;;AAUA;;;;;AACE;AAAA;AAGI;;;;;;;;AAEJ;;;;;;;;;;;;AASA;AAAA;;;;AAID;;;;AAAA;;;;AAGD;;;;AAAA;AAAA;;;;;;;;AAOA;AAAA;;;;AASH;AAEO;AACN;;AAEA;;;AAIE;AACA;AACD;;;;AAKC;;AAEE;AACA;AACD;AACD;AACD;AAED;AACE;;AAEE;AACA;AACD;AACD;AACD;AAED;;;AAIA;;;;;;;;;;;;;;;;",
    "entry-package-info": "login|1.0.0"
  }
}